username,password
normal0000,kiC7kx7InI
normal0001,BaKXDHoan2
normal0002,p4KHyWLOgb
normal0003,3ty4VsiHQO
normal0004,hhyoqbY1Cz
normal0005,kZugQ27mpE
normal0006,rBMs9dOhDR
normal0007,PaG2aENR7l
normal0008,CcIMNUfRlR
normal0009,eIGBTBLDqS
normal0010,IZzhTPUxEu
normal0011,p6mr3Falts
normal0012,EzpMIf7Ipu
normal0013,oGK8VIBjql
normal0014,tfDQYGooRY
normal0015,DjgevAJlrQ
normal0016,qWeP0Gv9o5
normal0017,mLRTomEcP6
normal0018,dRq595Vy5E
normal0019,Rq4gJcJbEH
normal0020,QiYT1cXz0r
normal0021,I3qmh0AzFB
normal0022,K9YOC648cq
normal0023,bHAxIbLva2
normal0024,pxCC0MEVxv
normal0025,510KYrh7Ew
normal0026,TYubcUxWpV
normal0027,3QmzSFz8ma
normal0028,jb9mwuFK33
normal0029,0X00eaT9T2
normal0030,1EHtTJlcHo
normal0031,edgq5ngzZm
normal0032,bmXkRDH6hI
normal0033,PL1LAzuxW4
normal0034,rcB6JIJtgD
normal0035,KP81fPm32k
normal0036,CtDg1f0KmF
normal0037,iKUZnq165t
normal0038,G9V9c55RXk
normal0039,6BhFHT5t9q
AM0000,ofWoCdXkHq
KO0001,8sVZJ1heEJ
AM0002,hRAc1Yljz3
NO0003,uhkLgARYHy
NAO0004,w1ffdXYWNI
KO0005,NXWMsZzmAV
NAO0006,d8wsFUDOtp
EG0007,mJN6f6VTlo
NAO0008,wDpv1F1XKF
NO0009,Q1KExTIq5b
analyst0000,7d9ZXX2F9j
analyst0001,IcIV5dI7zw
analyst0002,LjeY5MSSxc
analyst0003,1uJUG93mge
analyst0004,spMgg1voKZ
analyst0005,J1LoTYFTns
analyst0006,cIjInDFq2F
analyst0007,fTq3tlgvQn
analyst0008,xk3urIntDH
analyst0009,YLRh6uMvy1
admin,freepasses4all
